subreddit,cluster
49ers,2
BloodGulchRP,6
ClickerHeroes,5
ContestOfChampions,5
EDH,7
EarthPorn,8
Gamingcirclejerk,5
GoneWildPlus,0
KerbalSpaceProgram,5
Kossacks_for_Sanders,8
MMA,9
NSFW_GIF,3
OkCupid,9
PoliticalDiscussion,7
Quebec,8
RealGirls,3
SSBM,9
Seahawks,2
Surface,5
Texans,2
Twitch,1
WahoosTipi,2
Watches,8
bakchodi,9
bleach,5
clevelandcavs,2
confession,7
dataisbeautiful,8
devils,2
discgolf,5
dogs,7
exmormon,5
fantasybball,0
formula1,9
gaming,8
infertility,5
infp,5
jailbreak,0
malaysia,5
onewordeach,6
podemos,6
randomactsofcsgo,7
rpg,5
rva,9
steelers,2
teslamotors,5
thenetherlands,5
vegan,5
zootopia,0
Advice,7
AndroidGaming,0
Berserk,5
BigBrother,9
Denmark,5
DenverBroncos,2
DetroitRedWings,2
DotA2,0
Economics,8
FlashTV,5
FrankOcean,0
InternetIsBeautiful,8
Israel,8
MarioMaker,7
MilitaryPorn,8
MonsterHunter,5
NewYorkMets,2
Nootropics,1
OutreachHPG,5
PKA,5
Patriots,2
Pokemonexchange,0
Polska,4
RimWorld,5
SchoolIdolFestival,5
Showerthoughts,0
StardustCrusaders,5
TalesFromRetail,0
Whatcouldgowrong,3
XMenRP,6
apple,9
baseball,9
bjj,5
bostonceltics,2
brisbane,5
business,8
comics,8
creepy,8
diablo3,1
feedthebeast,5
freefolk,5
funny,8
future_fight,5
halo,9
japanlife,0
korea,5
mountandblade,5
paydaytheheist,5
personalfinance,9
phish,2
roosterteeth,5
sanfrancisco,5
subaru,5
sydney,9
tifu,0
torontoraptors,2
AFL,9
AmericanHorrorStory,5
AppleWatch,1
AskEurope,7
AskHistorians,6
AskReddit,9
AskWomen,9
Atlanta,5
CCW,5
CHICubs,2
ClashRoyale,9
EngineeringStudents,5
Firearms,5
Frugal,0
HistoryPorn,3
ImGoingToHellForThis,8
JUSTNOMIL,7
MLPLounge,4
MURICA,8
MaddenMobileForums,5
MapPorn,8
MorbidReality,8
Overwatch,9
Roadcam,8
SquaredCircle,9
StarWars,0
StardewValley,5
Steroidsourcetalk,0
TryingForABaby,5
Unexpected,8
UpliftingNews,8
army,5
britishproblems,0
canadaguns,5
circlebroke2,5
college,7
de,8
edmproduction,1
fantasyfootball,9
fatlogic,8
gamedev,7
gaybros,5
greece,6
makinghiphop,0
metalgearsolid,5
newzealand,5
nonononoyes,3
nyjets,2
pics,8
pokemon,0
ptcgo,5
quityourbullshit,3
raisedbynarcissists,7
running,5
soccer,9
southafrica,8
titanfall,5
trashy,3
treeofsavior,5
truegaming,0
ukraina,6
unturned,5
vainglorygame,5
webdev,1
AnimalCrossing,5
AskDocs,7
DBZDokkanBattle,9
Edmonton,5
GrandTheftAutoV,1
Guitar,9
Habs,5
OldSchoolCool,8
PoliticalHumor,8
PoliticsAll,6
RandomActsofCards,0
Sneakers,0
SubredditSimulator,6
Torontobluejays,2
WorldOfWarships,5
anime,0
askgaybros,5
beertrade,0
bodybuilding,9
bonnaroo,5
canada,8
churning,9
civ,5
custommagic,6
friendsafari,6
gamecollecting,5
hoi4,5
indiegameswap,0
kpop,0
learndota2,5
medicine,1
nrl,9
occult,5
progresspics,3
raspberry_pi,1
runescape,9
science,8
serialpodcast,0
singapore,0
skyrimmods,7
spaceengineers,5
starbound,1
survivor,9
techsupportgore,3
watchpeopledie,3
ADHD,7
AskNYC,1
AskThe_Donald,1
Barca,9
Bass,1
Braves,2
CallOfDuty,8
Cricket,8
Filmmakers,8
Games,8
JoeRogan,1
LifeProTips,0
Mariners,2
MobiusFF,5
Music,8
Neverwinter,5
NintendoNX,1
PhotoshopRequest,6
SWGalaxyOfHeroes,5
SandersForPresident,0
StrangerThings,1
WWE,0
WeAreTheMusicMakers,1
askscience,6
avengersacademygame,5
bravefrontier,9
btc,8
dankmemes,6
elderscrollsonline,5
electronic_cigarette,9
ethereum,1
fairytail,1
gardening,0
gundeals,0
holdmybeer,3
howardstern,5
ladybonersgw,0
leafs,2
melbourne,9
minnesotavikings,2
opieandanthony,9
penguins,2
photoshopbattles,6
redsox,2
rupaulsdragrace,9
starwarstrader,5
synthesizers,5
toronto,5
whitesox,2
3dshacks,0
Bitcoin,8
BravoRealHousewives,9
BuyItForLife,0
CatsStandingUp,6
CruciblePlaybook,5
FashionReps,0
GaryJohnson,5
GlobalOffensive,9
GreenBayPackers,2
IASIP,6
LegendsOfTomorrow,0
MakeupAddiction,9
Maplestory,5
MechanicAdvice,5
Monstercat,0
NFL_Draft,0
OnePunchMan,5
Pokemongiveaway,0
Portland,5
RWBY,0
Rainbow6,9
ShitAmericansSay,8
The_Donald,0
TrueReddit,8
Unity3D,1
asktransgender,5
audiophile,1
beer,1
canucks,2
cowboys,2
crusadersquest,9
customhearthstone,8
detroitlions,2
fakeid,0
falcons,2
funhaus,0
h1z1,5
islam,8
justneckbeardthings,3
lakers,2
me_irl,8
motorcycles,5
paragon,5
space,8
starcraft,5
thewalkingdead,0
uwaterloo,5
videos,8
Art,8
CFBOffTopic,6
CrappyDesign,3
DC_Cinematic,5
DebateAChristian,0
Drama,6
Entrepreneur,5
GearsOfWar,5
INTP,5
Judaism,8
Naruto,5
Redskins,2
Repsneakers,8
ShitWehraboosSay,5
SuicideWatch,7
TheSimpsons,8
Toonami,6
TownofSalemgame,5
Vaping,5
atheism,9
battlecats,9
blackdesertonline,9
cigars,9
collapse,8
crossfit,5
darksouls3,9
factorio,5
fo4,9
gonewild,0
hcteams,4
iphone,0
keto,5
lgbt,8
nintendo,5
pakistan,8
panthers,2
radiohead,0
rage,3
shield,0
swtor,5
thinkpad,1
warriors,2
westworld,5
wicked_edge,5
woahdude,8
wowservers,5
3Dprinting,5
Anarcho_Capitalism,8
Brawlhalla,9
DIY_eJuice,1
Dodgers,2
HunterXHunter,5
LivestreamFail,8
MLS,9
Parenting,7
RandomActsOfGaming,6
Rivenmains,5
RocketLeagueExchange,0
Steam,0
TheBluePill,5
Turkey,4
WaltDisneyWorld,5
beermoney,7
beyondthebump,5
breakingmom,5
chicagobulls,2
coys,2
depression,7
forza,1
fountainpens,5
grandorder,5
hillaryclinton,8
im14andthisisdeep,3
linux_gaming,5
manga,0
minecraftsuggestions,5
nsfw,3
pcgaming,9
pettyrevenge,0
portugal,4
scifi,0
spacex,0
stlouisblues,2
summonerschool,5
sysadmin,5
walmart,5
wiiu,5
xxfitness,5
40kLore,5
AMA,0
AdvancedRunning,0
BABYMETAL,0
Blink182,2
Boxing,8
CHIBears,2
DCcomics,5
DFO,5
DeadBedrooms,7
FFRecordKeeper,5
GamerGhazi,8
LSD,5
MDMA,1
MLBTheShow,5
Marvel,5
MechanicalKeyboards,5
Nexus6P,5
OnePieceTC,9
OverwatchUniversity,5
PhantomForces,9
Philippines,0
PleX,1
PrettyLittleLiars,5
ProgrammerHumor,8
RocketLeague,0
Romania,4
RotMG,5
TokyoGhoul,5
XWingTMG,5
battlefield_one,0
boardgames,5
buffalobills,2
cripplingalcoholism,0
dndnext,5
dubai,5
eagles,2
ffxiv,5
financialindependence,0
gonewildaudio,5
heroesofthestorm,9
homestuck,5
intj,5
investing,7
medicalschool,5
metacanada,8
nvidia,5
offbeat,8
opiates,5
paradoxplaza,5
photography,0
programming,8
ravens,2
trees,0
vancouver,5
woweconomy,1
youtubehaiku,8
ACTrade,0
Astros,2
BattleRite,5
Civcraft,9
CompetitiveHS,0
Cooking,0
DarkSouls2,5
Fishing,0
ForeverAlone,0
GalaxyS7,1
GenderCritical,8
KCRoyals,2
LetsNotMeet,1
MGTOW,5
MakingaMurderer,5
Multicopter,5
OnePiece,5
OutOfTheLoop,0
Paladins,5
Rateme,0
Scotland,5
Silverbugs,5
Warthunder,5
chicago,5
circlejerk,4
creepyPMs,3
duelyst,5
exmuslim,5
fantasybaseball,9
furry,5
gamegrumps,5
hardware,1
heat,0
houston,5
loseit,7
makeupexchange,0
miamidolphins,2
mylittlepony,0
natureismetal,3
ottawa,5
researchchemicals,5
rugbyunion,9
sweden,5
thedivision,9
totalwar,5
whatisthisthing,3
zelda,1
Accounting,5
AdviceAnimals,8
BabyBumps,5
BitcoinMarkets,7
Calgary,5
CasualPokemonTrades,0
Christianity,0
Diablo,5
Doom,1
EnoughTrumpSpam,0
FULLCOMMUNISM,5
FoodPorn,3
GifRecipes,3
HomeImprovement,7
LateStageCapitalism,8
LiverpoolFC,9
Metal,8
Military,1
NHLHUT,9
NYGiants,2
NoSillySuffix,6
OSHA,3
Pathfinder_RPG,7
PokemonPlaza,0
PvZGardenWarfare,5
RedLetterMedia,0
SSBPM,5
StLouis,5
TheRedPill,0
TwoBestFriendsPlay,5
TwoXChromosomes,0
asoiaf,9
aviation,1
badeconomics,0
batman,1
battlefield_4,1
belgium,5
brasil,4
changemyview,0
climbing,5
croatia,4
cscareerquestions,5
csgobetting,7
danganronpa,5
deadbydaylight,5
dfsports,0
entp,5
excel,1
gameswap,0
ireland,5
kancolle,5
knifeclub,0
linuxmasterrace,5
mildlyinteresting,8
norge,5
oculus,9
peloton,5
philosophy,8
politics,8
premed,5
pumparum,0
sexover30,7
trap,8
wifesharing,0
worldpolitics,8
wow,9
youtube,6
Anxiety,7
Aquariums,5
Austin,5
BMW,2
Buddhism,8
CampHalfBloodRP,6
DIY,6
ElectricForest,1
Fireteams,6
Futurology,8
HighQualityGifs,3
IronThronePowers,6
JusticeServed,3
KingdomHearts,5
KitchenConfidential,5
RandomActsOfBlowJob,7
Re_Zero,5
Screenwriting,7
TrueDoTA2,5
Vive,9
WayOfTheBern,8
WikiLeaks,1
bengals,2
bicycling,5
bladeandsoul,9
buildapc,7
dating_advice,7
dayz,5
dbz,0
eu4,5
gravityfalls,5
h3h3productions,8
harrypotter,5
history,5
horror,1
jobs,6
learnpython,7
linux,0
muacjdiscussion,0
nfl,9
nyc,1
olympics,8
patientgamers,0
pebble,1
pittsburgh,1
pokemongodev,0
popheads,0
r4r,8
reddevils,9
short,5
television,8
vexillology,5
worldpowers,6
7kglobal,0
AskScienceFiction,5
Austria,5
BleachBraveSouls,9
CapitalismVSocialism,7
CitiesSkylines,5
CombatFootage,8
DunderMifflin,0
EliteDangerous,5
Flyers,2
GooglePixel,1
MCFC,9
MakeupRehab,5
Minecraft,5
MrRobot,5
Nationals,2
PSVR,5
Planetside,5
Political_Revolution,1
TagPro,0
WTF,8
WritingPrompts,6
actuallesbians,5
askcarsales,1
casualiama,0
comicbooks,5
dirtykikpals,8
flying,5
gamindustri,0
guitarpedals,2
hardwareswap,0
hiphopheads,8
instant_regret,3
interestingasfuck,8
legaladvice,7
movies,8
soccerspirits,0
supremeclothing,0
survivetheculling,5
syriancivilwar,8
teenmom,0
tennis,1
whowouldwin,7
3DS,5
4chan,8
Animesuggest,7
AskAnAmerican,0
AskCulinary,1
AskTrumpSupporters,7
Battlefield,0
Catholicism,5
Celebs,8
Coachella,1
DarkNetMarkets,9
Fantasy,5
FellowKids,3
Guildwars2,9
IAmA,0
JonTron,6
MensRights,8
Miata,2
ModernMagic,7
NASCAR,9
PokeMoonSun,0
WhoWouldWinVerse,6
books,0
buildapcsales,3
darksouls,5
hawks,2
homelab,1
indieheads,8
japan,1
kansascity,1
london,5
longboarding,2
lowlevelaware,4
networking,1
newsokunomoral,4
newsokur,4
noveltranslations,9
nursing,5
shittyaskscience,0
sixers,2
socialism,8
sportsbook,7
starbucks,5
starcitizen,5
stevenuniverse,5
sto,5
tipofmytongue,7
tmobile,5
ultrahardcore,4
vinyl,5
worldbuilding,5
Bad_Cop_No_Donut,8
BeautyGuruChat,1
BlackPeopleTwitter,8
CFB,9
Chargers,2
China,5
ClashOfClans,5
Conservative,8
DestinyTheGame,9
EatCheapAndHealthy,0
FUTMobile,9
Fallout,5
FeMRADebates,8
GameSale,0
Kappa,0
Libertarian,8
MtF,5
NYYankees,2
TrueChristian,0
Yogscast,5
ar15,5
argentina,4
asktrp,5
audioengineering,1
bayarea,1
bipolar,5
boston,5
ethtrader,0
gtaonline,5
learnprogramming,7
lego,0
malefashionadvice,0
masseffect,5
mechmarket,0
microgrowery,5
niceguys,3
northernireland,5
nottheonion,8
oddlysatisfying,3
osugame,0
polandball,8
rawdenim,0
redditgetsdrawn,6
rickandmorty,0
skyrim,5
spam,6
todayilearned,8
zen,0
Aleague,9
Amd,9
Anarchism,8
BostonBruins,2
CasualConversation,9
CrackStatus,0
Cubers,5
Denver,1
Diepio,9
Dirtybomb,5
EDC,8
FFBraveExvius,9
FFXV,5
Geosim,6
Gunners,9
Kanye,0
KotakuInAction,8
MigrantFleet,6
NeutralPolitics,0
OpTicGaming,0
PersonalFinanceCanada,5
PictureGame,0
PokemonShuffle,0
Psychonaut,5
PurplePillDebate,7
RealEstate,6
ShitRedditSays,5
Smite,9
StarWarsBattlefront,5
TeamSolomid,1
UnresolvedMysteries,0
Weakpots,4
WouldYouFuckMyWife,0
anime_irl,6
australia,8
blackops3,9
chess,1
cringe,8
dragonage,5
dwarffortress,5
femalefashionadvice,7
food,8
forwardsfromgrandma,8
golf,5
indonesia,8
lewronggeneration,3
neopets,0
oneplus,1
powerlifting,9
proED,5
pussypassdenied,3
shittyama,0
shittyfoodporn,3
smashbros,9
witcher,5
woodworking,5
2007scape,9
CanadaPolitics,8
CoDCompetitive,9
Dallas,1
Enough_Sanders_Spam,5
Flipping,5
FutureFight,5
GameDeals,3
GetMotivated,8
HalfLife,5
Homebrewing,5
LosAngeles,0
MaddenUltimateTeam,0
MandelaEffect,7
Nerf,5
NewTubers,8
NoStupidQuestions,9
PS4,9
PuzzleAndDragons,0
RoastMe,8
SanJoseSharks,2
ScenesFromAHat,0
SkincareAddiction,7
SuggestALaptop,7
Suomi,4
TickTockManitowoc,5
TumblrInAction,8
Winnipeg,5
altright,8
androidapps,8
arrow,5
aww,8
battlestations,3
bestof,8
betterCallSaul,0
cars,0
conspiracy,8
counting,6
cringepics,8
european,8
facepalm,3
fantasyhockey,1
fireemblemcasual,0
france,8
gifs,8
guns,9
hapas,5
hockey,9
magicTCG,0
nba,9
news,8
orioles,2
poker,5
sports,8
starterpacks,3
steroids,0
summonerswar,9
techsupport,7
twitchplayspokemon,5
uberdrivers,5
ukpolitics,8
wallstreetbets,0
washingtondc,5
weddingplanning,5
windowsphone,5
worldnews,8
yugioh,0
ARKone,5
AsiansGoneWild,0
Coffee,1
Columbus,5
Competitiveoverwatch,5
DnD,5
FantasyPL,0
FinalFantasy,5
GGFreeForAll,6
Indiemakeupandmore,5
Infinitewarfare,0
Metalcore,8
NBA2k,5
NYKnicks,2
NoMansSkyTheGame,9
PetiteGoneWild,0
PublicFreakout,3
Random_Acts_Of_Amazon,0
Robocraft,5
SeattleWA,5
SecretSubreddit,6
Shitty_Car_Mods,3
StreetFighter,5
TalesofLink,5
The100,5
Tinder,8
Tradelands,6
Undertale,0
Windows10,1
WorldofTanks,5
askphilosophy,7
aspergers,5
bodyweightfitness,1
civbattleroyale,5
cordcutters,5
exjw,5
fireemblem,9
frugalmalefashion,0
gameofthrones,0
gentlemanboners,8
gonewildcurvy,0
goodyearwelt,0
kratom,5
letsplay,1
listentothis,6
marvelstudios,9
math,5
milliondollarextreme,0
nosleep,0
oaklandraiders,2
playark,5
playrust,9
pokemontrades,9
rangers,2
reactiongifs,8
sandiego,1
self,7
sex,7
soccerstreams,7
splatoon,5
stopdrinking,5
tattoos,0
technology,8
teenagers,0
thatHappened,3
tumblr,3
vita,5
AirForce,5
Android,0
ApocalypseRising,6
AskMen,7
AskOuija,6
AskUK,1
Battleborn,5
Browns,2
CODZombies,9
CalgaryFlames,9
Cardinals,2
CrusaderKings,5
Documentaries,8
Drugs,5
Gunpla,5
HillaryForPrison,8
Justrolledintotheshop,3
LabourUK,8
MTB,1
Megaten,5
NHLStreams,6
NintendoSwitch,5
ProtectAndServe,5
SFGiants,2
ShingekiNoKyojin,1
Stellaris,5
SubredditDrama,0
Teachers,5
TexasRangers,2
TheSilphRoad,0
Warframe,9
Warhammer40k,5
Wishlist,4
Xcom,5
amiibo,5
arma,1
bindingofisaac,5
cats,0
criticalrole,5
enoughsandersspam,8
fivenightsatfreddys,9
ftm,5
gadgets,8
germany,1
halifax,5
headphones,5
hearthstone,9
india,0
italy,4
meirl,8
mexico,4
mildlyinfuriating,8
pathofexile,9
philadelphia,5
pkmntcgtrades,0
pokemongo,9
relationship_advice,7
relationships,7
southpark,0
spikes,7
uncensorednews,8
web_design,1
xboxone,9
AndroidQuestions,7
AsianBeauty,5
CollegeBasketball,9
CringeAnarchy,8
DebateReligion,7
DynastyFF,5
Eve,9
FIFA,0
Fitness,7
GlobalOffensiveTrade,4
Incels,0
Jeep,2
Jokes,0
MMORPG,5
NoFap,7
Piracy,0
SVExchange,6
Seattle,5
Terraria,5
TrollXChromosomes,0
airsoft,5
amiugly,5
bloodborne,5
chelseafc,9
childfree,5
drunk,0
ecigclassifieds,0
europe,8
explainlikeimfive,9
funkopop,9
iamverysmart,3
leagueoflegends,9
mbti,7
montreal,1
offmychest,6
pcmasterrace,9
rapbattles,9
seduction,7
startrek,5
streetwear,0
talesfromtechsupport,0
tf2,9
travel,8
unitedkingdom,8
vaporents,5
weekendgunnit,0
writing,0
